horizon	split	method	metric	value
1	train	torch_tail	observed_count	570552
1	train	torch_tail	mae	38.53566138
1	train	torch_tail	rmse	123.2723688
1	train	torch_tail	r2	0.982558648
1	train	torch_tail	auc	0.998936527
1	train	torch_tail	f1	0.796966341
1	train	torch_tail	precision	0.664337299
1	train	torch_tail	recall	0.995761227
1	train	torch_tail	interval_coverage	0.916987409
1	train	torch_tail	interval_width	304.8106935
1	train	torch_tail	pinball_q0.1	12.08958259
1	train	torch_tail	pinball_q0.5	19.26783069
1	train	torch_tail	pinball_q0.9	11.37367128
1	train	torch_tail	pinball_q0.95	7.608996196
1	train	torch_tail	pinball_q0.99	2.773521545
1	train	torch_tail	tail_count	28546
1	train	torch_tail	tail_mae	156.8539108
1	train	torch_tail	tail_rmse	370.5535261
1	train	torch_tail	tail_r2	0.876659074
1	train	naive_last_conductance	observed_count	565316
1	train	naive_last_conductance	mae	29.73570829
1	train	naive_last_conductance	rmse	105.7207987
1	train	naive_last_conductance	r2	0.987148126
1	train	naive_last_conductance	auc	0.998920845
1	train	naive_last_conductance	f1	0.957343632
1	train	naive_last_conductance	precision	0.956989247
1	train	naive_last_conductance	recall	0.957698278
1	train	naive_last_conductance	interval_coverage	nan
1	train	naive_last_conductance	interval_width	nan
1	train	naive_last_conductance	pinball_q0.1	nan
1	train	naive_last_conductance	pinball_q0.5	nan
1	train	naive_last_conductance	pinball_q0.9	nan
1	train	naive_last_conductance	pinball_q0.95	nan
1	train	naive_last_conductance	pinball_q0.99	nan
1	train	naive_last_conductance	tail_count	28344
1	train	naive_last_conductance	tail_mae	131.3013689
1	train	naive_last_conductance	tail_rmse	312.1713933
1	train	naive_last_conductance	tail_r2	0.910479498
1	valid	torch_tail	observed_count	97246
1	valid	torch_tail	mae	39.3066625
1	valid	torch_tail	rmse	115.976586
1	valid	torch_tail	r2	0.98132231
1	valid	torch_tail	auc	0.99965638
1	valid	torch_tail	f1	0.830645161
1	valid	torch_tail	precision	0.713543471
1	valid	torch_tail	recall	0.993728895
1	valid	torch_tail	interval_coverage	0.739732225
1	valid	torch_tail	interval_width	231.8552075
1	valid	torch_tail	pinball_q0.1	12.68860677
1	valid	torch_tail	pinball_q0.5	19.65333125
1	valid	torch_tail	pinball_q0.9	9.061418564
1	valid	torch_tail	pinball_q0.95	5.820870634
1	valid	torch_tail	pinball_q0.99	2.120162469
1	valid	torch_tail	tail_count	2073
1	valid	torch_tail	tail_mae	242.4859049
1	valid	torch_tail	tail_rmse	544.9814335
1	valid	torch_tail	tail_r2	0.931607322
1	valid	naive_last_conductance	observed_count	96538
1	valid	naive_last_conductance	mae	20.3054324
1	valid	naive_last_conductance	rmse	79.73486575
1	valid	naive_last_conductance	r2	0.991096108
1	valid	naive_last_conductance	auc	0.999735822
1	valid	naive_last_conductance	f1	0.95669195
1	valid	naive_last_conductance	precision	0.956457926
1	valid	naive_last_conductance	recall	0.956926089
1	valid	naive_last_conductance	interval_coverage	nan
1	valid	naive_last_conductance	interval_width	nan
1	valid	naive_last_conductance	pinball_q0.1	nan
1	valid	naive_last_conductance	pinball_q0.5	nan
1	valid	naive_last_conductance	pinball_q0.9	nan
1	valid	naive_last_conductance	pinball_q0.95	nan
1	valid	naive_last_conductance	pinball_q0.99	nan
1	valid	naive_last_conductance	tail_count	2043
1	valid	naive_last_conductance	tail_mae	191.8339044
1	valid	naive_last_conductance	tail_rmse	394.4823701
1	valid	naive_last_conductance	tail_r2	0.963868249
1	test	torch_tail	observed_count	179382
1	test	torch_tail	mae	44.31551226
1	test	torch_tail	rmse	138.4943648
1	test	torch_tail	r2	0.957156235
1	test	torch_tail	auc	0.999263385
1	test	torch_tail	f1	0.730149679
1	test	torch_tail	precision	0.579542883
1	test	torch_tail	recall	0.98651772
1	test	torch_tail	interval_coverage	0.734371342
1	test	torch_tail	interval_width	236.3469194
1	test	torch_tail	pinball_q0.1	13.10010684
1	test	torch_tail	pinball_q0.5	22.15775613
1	test	torch_tail	pinball_q0.9	11.35988712
1	test	torch_tail	pinball_q0.95	7.640431864
1	test	torch_tail	pinball_q0.99	2.960675736
1	test	torch_tail	tail_count	2596
1	test	torch_tail	tail_mae	415.8296428
1	test	torch_tail	tail_rmse	884.0866682
1	test	torch_tail	tail_r2	0.729441973
1	test	naive_last_conductance	observed_count	178360
1	test	naive_last_conductance	mae	28.87804814
1	test	naive_last_conductance	rmse	108.9640182
1	test	naive_last_conductance	r2	0.972864394
1	test	naive_last_conductance	auc	0.999422425
1	test	naive_last_conductance	f1	0.926493711
1	test	naive_last_conductance	precision	0.926493711
1	test	naive_last_conductance	recall	0.926493711
1	test	naive_last_conductance	interval_coverage	nan
1	test	naive_last_conductance	interval_width	nan
1	test	naive_last_conductance	pinball_q0.1	nan
1	test	naive_last_conductance	pinball_q0.5	nan
1	test	naive_last_conductance	pinball_q0.9	nan
1	test	naive_last_conductance	pinball_q0.95	nan
1	test	naive_last_conductance	pinball_q0.99	nan
1	test	naive_last_conductance	tail_count	2544
1	test	naive_last_conductance	tail_mae	347.6336478
1	test	naive_last_conductance	tail_rmse	639.3259141
1	test	naive_last_conductance	tail_r2	0.850757685
2	train	torch_tail	observed_count	570421
2	train	torch_tail	mae	56.29798345
2	train	torch_tail	rmse	169.5681963
2	train	torch_tail	r2	0.966998984
2	train	torch_tail	auc	0.997721396
2	train	torch_tail	f1	0.750099261
2	train	torch_tail	precision	0.602705347
2	train	torch_tail	recall	0.992922214
2	train	torch_tail	interval_coverage	0.925234169
2	train	torch_tail	interval_width	414.8829971
2	train	torch_tail	pinball_q0.1	16.51529368
2	train	torch_tail	pinball_q0.5	28.14899173
2	train	torch_tail	pinball_q0.9	16.03747443
2	train	torch_tail	pinball_q0.95	10.68243068
2	train	torch_tail	pinball_q0.99	3.852662366
2	train	torch_tail	tail_count	28540
2	train	torch_tail	tail_mae	209.6555374
2	train	torch_tail	tail_rmse	477.366009
2	train	torch_tail	tail_r2	0.795271382
2	train	naive_last_conductance	observed_count	560893
2	train	naive_last_conductance	mae	45.95416713
2	train	naive_last_conductance	rmse	151.0261735
2	train	naive_last_conductance	r2	0.973769998
2	train	naive_last_conductance	auc	0.997886694
2	train	naive_last_conductance	f1	0.934823091
2	train	naive_last_conductance	precision	0.934243176
2	train	naive_last_conductance	recall	0.935403727
2	train	naive_last_conductance	interval_coverage	nan
2	train	naive_last_conductance	interval_width	nan
2	train	naive_last_conductance	pinball_q0.1	nan
2	train	naive_last_conductance	pinball_q0.5	nan
2	train	naive_last_conductance	pinball_q0.9	nan
2	train	naive_last_conductance	pinball_q0.95	nan
2	train	naive_last_conductance	pinball_q0.99	nan
2	train	naive_last_conductance	tail_count	28175
2	train	naive_last_conductance	tail_mae	196.6567287
2	train	naive_last_conductance	tail_rmse	431.7166933
2	train	naive_last_conductance	tail_r2	0.826959572
2	valid	torch_tail	observed_count	97212
2	valid	torch_tail	mae	54.53525379
2	valid	torch_tail	rmse	153.7136191
2	valid	torch_tail	r2	0.967199621
2	valid	torch_tail	auc	0.999216674
2	valid	torch_tail	f1	0.81157123
2	valid	torch_tail	precision	0.688634835
2	valid	torch_tail	recall	0.987940183
2	valid	torch_tail	interval_coverage	0.800816772
2	valid	torch_tail	interval_width	316.5810711
2	valid	torch_tail	pinball_q0.1	16.02307727
2	valid	torch_tail	pinball_q0.5	27.2676269
2	valid	torch_tail	pinball_q0.9	12.46838087
2	valid	torch_tail	pinball_q0.95	8.077561318
2	valid	torch_tail	pinball_q0.99	2.959077814
2	valid	torch_tail	tail_count	2073
2	valid	torch_tail	tail_mae	357.9297674
2	valid	torch_tail	tail_rmse	722.1818549
2	valid	torch_tail	tail_r2	0.879901014
2	valid	naive_last_conductance	observed_count	95905
2	valid	naive_last_conductance	mae	32.18845732
2	valid	naive_last_conductance	rmse	121.6531126
2	valid	naive_last_conductance	r2	0.979119945
2	valid	naive_last_conductance	auc	0.999340173
2	valid	naive_last_conductance	f1	0.930255647
2	valid	naive_last_conductance	precision	0.930024814
2	valid	naive_last_conductance	recall	0.930486594
2	valid	naive_last_conductance	interval_coverage	nan
2	valid	naive_last_conductance	interval_width	nan
2	valid	naive_last_conductance	pinball_q0.1	nan
2	valid	naive_last_conductance	pinball_q0.5	nan
2	valid	naive_last_conductance	pinball_q0.9	nan
2	valid	naive_last_conductance	pinball_q0.95	nan
2	valid	naive_last_conductance	pinball_q0.99	nan
2	valid	naive_last_conductance	tail_count	2014
2	valid	naive_last_conductance	tail_mae	314.2080433
2	valid	naive_last_conductance	tail_rmse	597.9505579
2	valid	naive_last_conductance	tail_r2	0.916697018
2	test	torch_tail	observed_count	179345
2	test	torch_tail	mae	66.13685029
2	test	torch_tail	rmse	190.9111093
2	test	torch_tail	r2	0.918604478
2	test	torch_tail	auc	0.998176048
2	test	torch_tail	f1	0.725003628
2	test	torch_tail	precision	0.581606519
2	test	torch_tail	recall	0.962249615
2	test	torch_tail	interval_coverage	0.784315147
2	test	torch_tail	interval_width	329.6027246
2	test	torch_tail	pinball_q0.1	17.31997335
2	test	torch_tail	pinball_q0.5	33.06842515
2	test	torch_tail	pinball_q0.9	16.99966538
2	test	torch_tail	pinball_q0.95	11.36472527
2	test	torch_tail	pinball_q0.99	4.469037235
2	test	torch_tail	tail_count	2596
2	test	torch_tail	tail_mae	581.7831443
2	test	torch_tail	tail_rmse	1141.30343
2	test	torch_tail	tail_r2	0.549107527
2	test	naive_last_conductance	observed_count	177439
2	test	naive_last_conductance	mae	45.04618489
2	test	naive_last_conductance	rmse	154.6290921
2	test	naive_last_conductance	r2	0.944386213
2	test	naive_last_conductance	auc	0.998420213
2	test	naive_last_conductance	f1	0.885285285
2	test	naive_last_conductance	precision	0.885817308
2	test	naive_last_conductance	recall	0.884753902
2	test	naive_last_conductance	interval_coverage	nan
2	test	naive_last_conductance	interval_width	nan
2	test	naive_last_conductance	pinball_q0.1	nan
2	test	naive_last_conductance	pinball_q0.5	nan
2	test	naive_last_conductance	pinball_q0.9	nan
2	test	naive_last_conductance	pinball_q0.95	nan
2	test	naive_last_conductance	pinball_q0.99	nan
2	test	naive_last_conductance	tail_count	2499
2	test	naive_last_conductance	tail_mae	498.0014671
2	test	naive_last_conductance	tail_rmse	858.8303723
2	test	naive_last_conductance	tail_r2	0.720273053
3	train	torch_tail	observed_count	570295
3	train	torch_tail	mae	68.32085843
3	train	torch_tail	rmse	192.8580384
3	train	torch_tail	r2	0.957313625
3	train	torch_tail	auc	0.996954952
3	train	torch_tail	f1	0.835522593
3	train	torch_tail	precision	0.726483995
3	train	torch_tail	recall	0.983072825
3	train	torch_tail	interval_coverage	0.900339298
3	train	torch_tail	interval_width	433.7890027
3	train	torch_tail	pinball_q0.1	19.17838713
3	train	torch_tail	pinball_q0.5	34.16042922
3	train	torch_tail	pinball_q0.9	17.5492249
3	train	torch_tail	pinball_q0.95	11.28068912
3	train	torch_tail	pinball_q0.99	3.870213539
3	train	torch_tail	tail_count	28534
3	train	torch_tail	tail_mae	259.4056854
3	train	torch_tail	tail_rmse	512.2264656
3	train	torch_tail	tail_r2	0.764304527
3	train	naive_last_conductance	observed_count	556590
3	train	naive_last_conductance	mae	57.0857654
3	train	naive_last_conductance	rmse	178.9303168
3	train	naive_last_conductance	r2	0.963186429
3	train	naive_last_conductance	auc	0.997021559
3	train	naive_last_conductance	f1	0.918009986
3	train	naive_last_conductance	precision	0.917159552
3	train	naive_last_conductance	recall	0.918861998
3	train	naive_last_conductance	interval_coverage	nan
3	train	naive_last_conductance	interval_width	nan
3	train	naive_last_conductance	pinball_q0.1	nan
3	train	naive_last_conductance	pinball_q0.5	nan
3	train	naive_last_conductance	pinball_q0.9	nan
3	train	naive_last_conductance	pinball_q0.95	nan
3	train	naive_last_conductance	pinball_q0.99	nan
3	train	naive_last_conductance	tail_count	28014
3	train	naive_last_conductance	tail_mae	240.6968421
3	train	naive_last_conductance	tail_rmse	502.3668192
3	train	naive_last_conductance	tail_r2	0.763641029
3	valid	torch_tail	observed_count	97209
3	valid	torch_tail	mae	69.63560858
3	valid	torch_tail	rmse	207.7817883
3	valid	torch_tail	r2	0.94007291
3	valid	torch_tail	auc	0.997816638
3	valid	torch_tail	f1	0.873330461
3	valid	torch_tail	precision	0.789022966
3	valid	torch_tail	recall	0.977809937
3	valid	torch_tail	interval_coverage	0.783497413
3	valid	torch_tail	interval_width	327.7349337
3	valid	torch_tail	pinball_q0.1	22.62140131
3	valid	torch_tail	pinball_q0.5	34.81780429
3	valid	torch_tail	pinball_q0.9	14.91539173
3	valid	torch_tail	pinball_q0.95	9.30466895
3	valid	torch_tail	pinball_q0.99	3.053861656
3	valid	torch_tail	tail_count	2073
3	valid	torch_tail	tail_mae	476.8378644
3	valid	torch_tail	tail_rmse	829.9502364
3	valid	torch_tail	tail_r2	0.841382792
3	valid	naive_last_conductance	observed_count	95336
3	valid	naive_last_conductance	mae	40.00270096
3	valid	naive_last_conductance	rmse	149.1107296
3	valid	naive_last_conductance	r2	0.968382201
3	valid	naive_last_conductance	auc	0.99900083
3	valid	naive_last_conductance	f1	0.910372608
3	valid	naive_last_conductance	precision	0.909914444
3	valid	naive_last_conductance	recall	0.910831234
3	valid	naive_last_conductance	interval_coverage	nan
3	valid	naive_last_conductance	interval_width	nan
3	valid	naive_last_conductance	pinball_q0.1	nan
3	valid	naive_last_conductance	pinball_q0.5	nan
3	valid	naive_last_conductance	pinball_q0.9	nan
3	valid	naive_last_conductance	pinball_q0.95	nan
3	valid	naive_last_conductance	pinball_q0.99	nan
3	valid	naive_last_conductance	tail_count	1985
3	valid	naive_last_conductance	tail_mae	402.4117545
3	valid	naive_last_conductance	tail_rmse	725.151152
3	valid	naive_last_conductance	tail_r2	0.877063359
3	test	torch_tail	observed_count	179280
3	test	torch_tail	mae	77.7357576
3	test	torch_tail	rmse	217.0072004
3	test	torch_tail	r2	0.894861454
3	test	torch_tail	auc	0.996223667
3	test	torch_tail	f1	0.809618574
3	test	torch_tail	precision	0.710832848
3	test	torch_tail	recall	0.940292758
3	test	torch_tail	interval_coverage	0.722930611
3	test	torch_tail	interval_width	361.9396823
3	test	torch_tail	pinball_q0.1	19.99894515
3	test	torch_tail	pinball_q0.5	38.8678788
3	test	torch_tail	pinball_q0.9	19.63543623
3	test	torch_tail	pinball_q0.95	13.09958887
3	test	torch_tail	pinball_q0.99	5.108062869
3	test	torch_tail	tail_count	2596
3	test	torch_tail	tail_mae	708.1685159
3	test	torch_tail	tail_rmse	1277.128327
3	test	torch_tail	tail_r2	0.435401374
3	test	naive_last_conductance	observed_count	176489
3	test	naive_last_conductance	mae	55.16890571
3	test	naive_last_conductance	rmse	180.3449881
3	test	naive_last_conductance	r2	0.923299882
3	test	naive_last_conductance	auc	0.997246791
3	test	naive_last_conductance	f1	0.854526958
3	test	naive_last_conductance	precision	0.855745721
3	test	naive_last_conductance	recall	0.853311662
3	test	naive_last_conductance	interval_coverage	nan
3	test	naive_last_conductance	interval_width	nan
3	test	naive_last_conductance	pinball_q0.1	nan
3	test	naive_last_conductance	pinball_q0.5	nan
3	test	naive_last_conductance	pinball_q0.9	nan
3	test	naive_last_conductance	pinball_q0.95	nan
3	test	naive_last_conductance	pinball_q0.99	nan
3	test	naive_last_conductance	tail_count	2461
3	test	naive_last_conductance	tail_mae	603.5962347
3	test	naive_last_conductance	tail_rmse	995.4299733
3	test	naive_last_conductance	tail_r2	0.612677144
7	train	torch_tail	observed_count	569718
7	train	torch_tail	mae	92.91053724
7	train	torch_tail	rmse	250.4085599
7	train	torch_tail	r2	0.928040648
7	train	torch_tail	auc	0.994627572
7	train	torch_tail	f1	0.694975721
7	train	torch_tail	precision	0.537157957
7	train	torch_tail	recall	0.984108051
7	train	torch_tail	interval_coverage	0.910982275
7	train	torch_tail	interval_width	535.0026746
7	train	torch_tail	pinball_q0.1	24.66925047
7	train	torch_tail	pinball_q0.5	46.45526862
7	train	torch_tail	pinball_q0.9	23.54338806
7	train	torch_tail	pinball_q0.95	14.86455383
7	train	torch_tail	pinball_q0.99	4.861823107
7	train	torch_tail	tail_count	28505
7	train	torch_tail	tail_mae	338.1405771
7	train	torch_tail	tail_rmse	635.0636205
7	train	torch_tail	tail_r2	0.637895045
7	train	naive_last_conductance	observed_count	545254
7	train	naive_last_conductance	mae	82.86463862
7	train	naive_last_conductance	rmse	241.396708
7	train	naive_last_conductance	r2	0.933129048
7	train	naive_last_conductance	auc	0.994398994
7	train	naive_last_conductance	f1	0.8773911
7	train	naive_last_conductance	precision	0.875980197
7	train	naive_last_conductance	recall	0.878806555
7	train	naive_last_conductance	interval_coverage	nan
7	train	naive_last_conductance	interval_width	nan
7	train	naive_last_conductance	pinball_q0.1	nan
7	train	naive_last_conductance	pinball_q0.5	nan
7	train	naive_last_conductance	pinball_q0.9	nan
7	train	naive_last_conductance	pinball_q0.95	nan
7	train	naive_last_conductance	pinball_q0.99	nan
7	train	naive_last_conductance	tail_count	27584
7	train	naive_last_conductance	tail_mae	355.1837176
7	train	naive_last_conductance	tail_rmse	683.7278985
7	train	naive_last_conductance	tail_r2	0.558512168
7	valid	torch_tail	observed_count	97143
7	valid	torch_tail	mae	94.73367458
7	valid	torch_tail	rmse	271.4996476
7	valid	torch_tail	r2	0.897748491
7	valid	torch_tail	auc	0.99440461
7	valid	torch_tail	f1	0.685025818
7	valid	torch_tail	precision	0.532512711
7	valid	torch_tail	recall	0.959961409
7	valid	torch_tail	interval_coverage	0.783710612
7	valid	torch_tail	interval_width	383.3404925
7	valid	torch_tail	pinball_q0.1	30.73895944
7	valid	torch_tail	pinball_q0.5	47.36683729
7	valid	torch_tail	pinball_q0.9	21.0422174
7	valid	torch_tail	pinball_q0.95	13.14860456
7	valid	torch_tail	pinball_q0.99	4.163478486
7	valid	torch_tail	tail_count	2073
7	valid	torch_tail	tail_mae	739.7367244
7	valid	torch_tail	tail_rmse	1149.669379
7	valid	torch_tail	tail_r2	0.695636813
7	valid	naive_last_conductance	observed_count	93937
7	valid	naive_last_conductance	mae	57.90709021
7	valid	naive_last_conductance	rmse	213.1602515
7	valid	naive_last_conductance	r2	0.934489363
7	valid	naive_last_conductance	auc	0.997737838
7	valid	naive_last_conductance	f1	0.855656697
7	valid	naive_last_conductance	precision	0.853658537
7	valid	naive_last_conductance	recall	0.857664234
7	valid	naive_last_conductance	interval_coverage	nan
7	valid	naive_last_conductance	interval_width	nan
7	valid	naive_last_conductance	pinball_q0.1	nan
7	valid	naive_last_conductance	pinball_q0.5	nan
7	valid	naive_last_conductance	pinball_q0.9	nan
7	valid	naive_last_conductance	pinball_q0.95	nan
7	valid	naive_last_conductance	pinball_q0.99	nan
7	valid	naive_last_conductance	tail_count	1918
7	valid	naive_last_conductance	tail_mae	643.4490786
7	valid	naive_last_conductance	tail_rmse	1070.374877
7	valid	naive_last_conductance	tail_r2	0.733169252
7	test	torch_tail	observed_count	179144
7	test	torch_tail	mae	106.1282184
7	test	torch_tail	rmse	266.0564057
7	test	torch_tail	r2	0.842061489
7	test	torch_tail	auc	0.989168524
7	test	torch_tail	f1	0.703861401
7	test	torch_tail	precision	0.568683274
7	test	torch_tail	recall	0.923343606
7	test	torch_tail	interval_coverage	0.730803153
7	test	torch_tail	interval_width	443.5557386
7	test	torch_tail	pinball_q0.1	24.46145291
7	test	torch_tail	pinball_q0.5	53.06410919
7	test	torch_tail	pinball_q0.9	26.88118437
7	test	torch_tail	pinball_q0.95	17.67364151
7	test	torch_tail	pinball_q0.99	6.605346103
7	test	torch_tail	tail_count	2596
7	test	torch_tail	tail_mae	909.0817684
7	test	torch_tail	tail_rmse	1489.625043
7	test	torch_tail	tail_r2	0.231887787
7	test	naive_last_conductance	observed_count	174476
7	test	naive_last_conductance	mae	74.76955474
7	test	naive_last_conductance	rmse	225.3985196
7	test	naive_last_conductance	r2	0.875572734
7	test	naive_last_conductance	auc	0.995286355
7	test	naive_last_conductance	f1	0.794229953
7	test	naive_last_conductance	precision	0.797274276
7	test	naive_last_conductance	recall	0.791208791
7	test	naive_last_conductance	interval_coverage	nan
7	test	naive_last_conductance	interval_width	nan
7	test	naive_last_conductance	pinball_q0.1	nan
7	test	naive_last_conductance	pinball_q0.5	nan
7	test	naive_last_conductance	pinball_q0.9	nan
7	test	naive_last_conductance	pinball_q0.95	nan
7	test	naive_last_conductance	pinball_q0.99	nan
7	test	naive_last_conductance	tail_count	2366
7	test	naive_last_conductance	tail_mae	798.4063116
7	test	naive_last_conductance	tail_rmse	1240.662791
7	test	naive_last_conductance	tail_r2	0.346462567
10	train	torch_tail	observed_count	569333
10	train	torch_tail	mae	105.4700233
10	train	torch_tail	rmse	273.5451401
10	train	torch_tail	r2	0.914157989
10	train	torch_tail	auc	0.992200198
10	train	torch_tail	f1	0.8185661
10	train	torch_tail	precision	0.775585852
10	train	torch_tail	recall	0.866589449
10	train	torch_tail	interval_coverage	0.921420329
10	train	torch_tail	interval_width	605.0756288
10	train	torch_tail	pinball_q0.1	27.16381685
10	train	torch_tail	pinball_q0.5	52.73501163
10	train	torch_tail	pinball_q0.9	25.64493484
10	train	torch_tail	pinball_q0.95	16.36766566
10	train	torch_tail	pinball_q0.99	5.354622286
10	train	torch_tail	tail_count	28491
10	train	torch_tail	tail_mae	391.9665593
10	train	torch_tail	tail_rmse	687.9484873
10	train	torch_tail	tail_r2	0.575538222
10	train	naive_last_conductance	observed_count	539506
10	train	naive_last_conductance	mae	95.67779815
10	train	naive_last_conductance	rmse	270.7201453
10	train	naive_last_conductance	r2	0.915983989
10	train	naive_last_conductance	auc	0.992525608
10	train	naive_last_conductance	f1	0.854050305
10	train	naive_last_conductance	precision	0.852463198
10	train	naive_last_conductance	recall	0.855643333
10	train	naive_last_conductance	interval_coverage	nan
10	train	naive_last_conductance	interval_width	nan
10	train	naive_last_conductance	pinball_q0.1	nan
10	train	naive_last_conductance	pinball_q0.5	nan
10	train	naive_last_conductance	pinball_q0.9	nan
10	train	naive_last_conductance	pinball_q0.95	nan
10	train	naive_last_conductance	pinball_q0.99	nan
10	train	naive_last_conductance	tail_count	27342
10	train	naive_last_conductance	tail_mae	413.4259505
10	train	naive_last_conductance	tail_rmse	771.4320242
10	train	naive_last_conductance	tail_r2	0.437907329
10	valid	torch_tail	observed_count	97105
10	valid	torch_tail	mae	105.6168855
10	valid	torch_tail	rmse	297.5473804
10	valid	torch_tail	r2	0.877237706
10	valid	torch_tail	auc	0.991112753
10	valid	torch_tail	f1	0.803844258
10	valid	torch_tail	precision	0.821662469
10	valid	torch_tail	recall	0.786782441
10	valid	torch_tail	interval_coverage	0.81245044
10	valid	torch_tail	interval_width	434.744684
10	valid	torch_tail	pinball_q0.1	32.61526617
10	valid	torch_tail	pinball_q0.5	52.80844277
10	valid	torch_tail	pinball_q0.9	24.74988163
10	valid	torch_tail	pinball_q0.95	15.68459856
10	valid	torch_tail	pinball_q0.99	5.053587121
10	valid	torch_tail	tail_count	2073
10	valid	torch_tail	tail_mae	897.6227475
10	valid	torch_tail	tail_rmse	1319.525273
10	valid	torch_tail	tail_r2	0.599057938
10	valid	naive_last_conductance	observed_count	93246
10	valid	naive_last_conductance	mae	65.90171874
10	valid	naive_last_conductance	rmse	236.4145188
10	valid	naive_last_conductance	r2	0.918857425
10	valid	naive_last_conductance	auc	0.996988862
10	valid	naive_last_conductance	f1	0.832186342
10	valid	naive_last_conductance	precision	0.830866808
10	valid	naive_last_conductance	recall	0.833510074
10	valid	naive_last_conductance	interval_coverage	nan
10	valid	naive_last_conductance	interval_width	nan
10	valid	naive_last_conductance	pinball_q0.1	nan
10	valid	naive_last_conductance	pinball_q0.5	nan
10	valid	naive_last_conductance	pinball_q0.9	nan
10	valid	naive_last_conductance	pinball_q0.95	nan
10	valid	naive_last_conductance	pinball_q0.99	nan
10	valid	naive_last_conductance	tail_count	1886
10	valid	naive_last_conductance	tail_mae	751.6889353
10	valid	naive_last_conductance	tail_rmse	1195.607517
10	valid	naive_last_conductance	tail_r2	0.665546504
10	test	torch_tail	observed_count	179065
10	test	torch_tail	mae	115.6213824
10	test	torch_tail	rmse	279.1778551
10	test	torch_tail	r2	0.826164089
10	test	torch_tail	auc	0.989283297
10	test	torch_tail	f1	0.715730579
10	test	torch_tail	precision	0.810823988
10	test	torch_tail	recall	0.640600924
10	test	torch_tail	interval_coverage	0.761148186
10	test	torch_tail	interval_width	502.8210611
10	test	torch_tail	pinball_q0.1	24.52183613
10	test	torch_tail	pinball_q0.5	57.81069122
10	test	torch_tail	pinball_q0.9	29.8429263
10	test	torch_tail	pinball_q0.95	19.53324772
10	test	torch_tail	pinball_q0.99	7.115201775
10	test	torch_tail	tail_count	2596
10	test	torch_tail	tail_mae	1006.652988
10	test	torch_tail	tail_rmse	1535.350751
10	test	torch_tail	tail_r2	0.184007903
10	test	naive_last_conductance	observed_count	173624
10	test	naive_last_conductance	mae	82.76959695
10	test	naive_last_conductance	rmse	241.2169831
10	test	naive_last_conductance	r2	0.85714505
10	test	naive_last_conductance	auc	0.994933013
10	test	naive_last_conductance	f1	0.773613193
10	test	naive_last_conductance	precision	0.777442962
10	test	naive_last_conductance	recall	0.769820972
10	test	naive_last_conductance	interval_coverage	nan
10	test	naive_last_conductance	interval_width	nan
10	test	naive_last_conductance	pinball_q0.1	nan
10	test	naive_last_conductance	pinball_q0.5	nan
10	test	naive_last_conductance	pinball_q0.9	nan
10	test	naive_last_conductance	pinball_q0.95	nan
10	test	naive_last_conductance	pinball_q0.99	nan
10	test	naive_last_conductance	tail_count	2346
10	test	naive_last_conductance	tail_mae	873.5049731
10	test	naive_last_conductance	tail_rmse	1324.048266
10	test	naive_last_conductance	tail_r2	0.259586726
14	train	torch_tail	observed_count	568806
14	train	torch_tail	mae	121.7359455
14	train	torch_tail	rmse	306.4644846
14	train	torch_tail	r2	0.892303284
14	train	torch_tail	auc	0.992181176
14	train	torch_tail	f1	0.729971116
14	train	torch_tail	precision	0.587727195
14	train	torch_tail	recall	0.963052717
14	train	torch_tail	interval_coverage	0.921511025
14	train	torch_tail	interval_width	736.3760472
14	train	torch_tail	pinball_q0.1	30.1481571
14	train	torch_tail	pinball_q0.5	60.86797275
14	train	torch_tail	pinball_q0.9	31.14013061
14	train	torch_tail	pinball_q0.95	19.83512191
14	train	torch_tail	pinball_q0.99	6.614467536
14	train	torch_tail	tail_count	28473
14	train	torch_tail	tail_mae	442.0011325
14	train	torch_tail	tail_rmse	776.1707826
14	train	torch_tail	tail_r2	0.460446985
14	train	naive_last_conductance	observed_count	533942
14	train	naive_last_conductance	mae	107.4793901
14	train	naive_last_conductance	rmse	296.8817447
14	train	naive_last_conductance	r2	0.899138953
14	train	naive_last_conductance	auc	0.990663056
14	train	naive_last_conductance	f1	0.831453243
14	train	naive_last_conductance	precision	0.829289746
14	train	naive_last_conductance	recall	0.833628058
14	train	naive_last_conductance	interval_coverage	nan
14	train	naive_last_conductance	interval_width	nan
14	train	naive_last_conductance	pinball_q0.1	nan
14	train	naive_last_conductance	pinball_q0.5	nan
14	train	naive_last_conductance	pinball_q0.9	nan
14	train	naive_last_conductance	pinball_q0.95	nan
14	train	naive_last_conductance	pinball_q0.99	nan
14	train	naive_last_conductance	tail_count	27144
14	train	naive_last_conductance	tail_mae	467.7816706
14	train	naive_last_conductance	tail_rmse	843.1126681
14	train	naive_last_conductance	tail_r2	0.326897663
14	valid	torch_tail	observed_count	97056
14	valid	torch_tail	mae	122.8004655
14	valid	torch_tail	rmse	322.2234915
14	valid	torch_tail	r2	0.856101235
14	valid	torch_tail	auc	0.994647599
14	valid	torch_tail	f1	0.797460317
14	valid	torch_tail	precision	0.71040724
14	valid	torch_tail	recall	0.908827786
14	valid	torch_tail	interval_coverage	0.772430349
14	valid	torch_tail	interval_width	533.1249415
14	valid	torch_tail	pinball_q0.1	35.47858265
14	valid	torch_tail	pinball_q0.5	61.40023275
14	valid	torch_tail	pinball_q0.9	29.67182568
14	valid	torch_tail	pinball_q0.95	19.1292267
14	valid	torch_tail	pinball_q0.99	6.40102229
14	valid	torch_tail	tail_count	2073
14	valid	torch_tail	tail_mae	977.3784812
14	valid	torch_tail	tail_rmse	1427.584138
14	valid	torch_tail	tail_r2	0.530701008
14	valid	naive_last_conductance	observed_count	92563
14	valid	naive_last_conductance	mae	72.96158472
14	valid	naive_last_conductance	rmse	253.4061448
14	valid	naive_last_conductance	r2	0.907383607
14	valid	naive_last_conductance	auc	0.996453367
14	valid	naive_last_conductance	f1	0.815648446
14	valid	naive_last_conductance	precision	0.813468733
14	valid	naive_last_conductance	recall	0.817839871
14	valid	naive_last_conductance	interval_coverage	nan
14	valid	naive_last_conductance	interval_width	nan
14	valid	naive_last_conductance	pinball_q0.1	nan
14	valid	naive_last_conductance	pinball_q0.5	nan
14	valid	naive_last_conductance	pinball_q0.9	nan
14	valid	naive_last_conductance	pinball_q0.95	nan
14	valid	naive_last_conductance	pinball_q0.99	nan
14	valid	naive_last_conductance	tail_count	1861
14	valid	naive_last_conductance	tail_mae	860.6720397
14	valid	naive_last_conductance	tail_rmse	1315.96887
14	valid	naive_last_conductance	tail_r2	0.599312625
14	test	torch_tail	observed_count	178985
14	test	torch_tail	mae	132.3858299
14	test	torch_tail	rmse	300.2695605
14	test	torch_tail	r2	0.799014956
14	test	torch_tail	auc	0.99186111
14	test	torch_tail	f1	0.732021928
14	test	torch_tail	precision	0.629506378
14	test	torch_tail	recall	0.874422188
14	test	torch_tail	interval_coverage	0.768109059
14	test	torch_tail	interval_width	610.5450056
14	test	torch_tail	pinball_q0.1	26.67891339
14	test	torch_tail	pinball_q0.5	66.19291493
14	test	torch_tail	pinball_q0.9	35.26335114
14	test	torch_tail	pinball_q0.95	23.21503527
14	test	torch_tail	pinball_q0.99	8.269025576
14	test	torch_tail	tail_count	2596
14	test	torch_tail	tail_mae	1071.312651
14	test	torch_tail	tail_rmse	1617.97693
14	test	torch_tail	tail_r2	0.093818085
14	test	naive_last_conductance	observed_count	172810
14	test	naive_last_conductance	mae	90.15910441
14	test	naive_last_conductance	rmse	258.7502126
14	test	naive_last_conductance	r2	0.836695972
14	test	naive_last_conductance	auc	0.993688096
14	test	naive_last_conductance	f1	0.75075594
14	test	naive_last_conductance	precision	0.756968641
14	test	naive_last_conductance	recall	0.744644387
14	test	naive_last_conductance	interval_coverage	nan
14	test	naive_last_conductance	interval_width	nan
14	test	naive_last_conductance	pinball_q0.1	nan
14	test	naive_last_conductance	pinball_q0.5	nan
14	test	naive_last_conductance	pinball_q0.9	nan
14	test	naive_last_conductance	pinball_q0.95	nan
14	test	naive_last_conductance	pinball_q0.99	nan
14	test	naive_last_conductance	tail_count	2334
14	test	naive_last_conductance	tail_mae	977.0955441
14	test	naive_last_conductance	tail_rmse	1452.578886
14	test	naive_last_conductance	tail_r2	0.130041771
30	train	torch_tail	observed_count	566815
30	train	torch_tail	mae	162.4759212
30	train	torch_tail	rmse	381.0315758
30	train	torch_tail	r2	0.833911021
30	train	torch_tail	auc	0.985399226
30	train	torch_tail	f1	0.608115486
30	train	torch_tail	precision	0.440990149
30	train	torch_tail	recall	0.979216486
30	train	torch_tail	interval_coverage	0.913539691
30	train	torch_tail	interval_width	994.1900025
30	train	torch_tail	pinball_q0.1	38.11373438
30	train	torch_tail	pinball_q0.5	81.2379606
30	train	torch_tail	pinball_q0.9	42.32808719
30	train	torch_tail	pinball_q0.95	26.96005786
30	train	torch_tail	pinball_q0.99	9.280569138
30	train	torch_tail	tail_count	28436
30	train	torch_tail	tail_mae	554.4551532
30	train	torch_tail	tail_rmse	936.2500414
30	train	torch_tail	tail_r2	0.218507199
30	train	naive_last_conductance	observed_count	519113
30	train	naive_last_conductance	mae	143.0990513
30	train	naive_last_conductance	rmse	375.2501101
30	train	naive_last_conductance	r2	0.839240768
30	train	naive_last_conductance	auc	0.98412433
30	train	naive_last_conductance	f1	0.761615252
30	train	naive_last_conductance	precision	0.758002465
30	train	naive_last_conductance	recall	0.765262642
30	train	naive_last_conductance	interval_coverage	nan
30	train	naive_last_conductance	interval_width	nan
30	train	naive_last_conductance	pinball_q0.1	nan
30	train	naive_last_conductance	pinball_q0.5	nan
30	train	naive_last_conductance	pinball_q0.9	nan
30	train	naive_last_conductance	pinball_q0.95	nan
30	train	naive_last_conductance	pinball_q0.99	nan
30	train	naive_last_conductance	tail_count	26519
30	train	naive_last_conductance	tail_mae	617.5997712
30	train	naive_last_conductance	tail_rmse	1045.83065
30	train	naive_last_conductance	tail_r2	-0.045506456
30	valid	torch_tail	observed_count	96870
30	valid	torch_tail	mae	155.599367
30	valid	torch_tail	rmse	390.2993307
30	valid	torch_tail	r2	0.789279814
30	valid	torch_tail	auc	0.982878129
30	valid	torch_tail	f1	0.6625065
30	valid	torch_tail	precision	0.517045455
30	valid	torch_tail	recall	0.921852388
30	valid	torch_tail	interval_coverage	0.742520904
30	valid	torch_tail	interval_width	748.7635836
30	valid	torch_tail	pinball_q0.1	38.16907266
30	valid	torch_tail	pinball_q0.5	77.79968352
30	valid	torch_tail	pinball_q0.9	40.49812626
30	valid	torch_tail	pinball_q0.95	26.90995778
30	valid	torch_tail	pinball_q0.99	10.12221911
30	valid	torch_tail	tail_count	2073
30	valid	torch_tail	tail_mae	1281.545918
30	valid	torch_tail	tail_rmse	1832.96798
30	valid	torch_tail	tail_r2	0.226329655
30	valid	naive_last_conductance	observed_count	90514
30	valid	naive_last_conductance	mae	91.79429701
30	valid	naive_last_conductance	rmse	320.0141133
30	valid	naive_last_conductance	r2	0.852908705
30	valid	naive_last_conductance	auc	0.994700706
30	valid	naive_last_conductance	f1	0.773838967
30	valid	naive_last_conductance	precision	0.766884532
30	valid	naive_last_conductance	recall	0.780920688
30	valid	naive_last_conductance	interval_coverage	nan
30	valid	naive_last_conductance	interval_width	nan
30	valid	naive_last_conductance	pinball_q0.1	nan
30	valid	naive_last_conductance	pinball_q0.5	nan
30	valid	naive_last_conductance	pinball_q0.9	nan
30	valid	naive_last_conductance	pinball_q0.95	nan
30	valid	naive_last_conductance	pinball_q0.99	nan
30	valid	naive_last_conductance	tail_count	1803
30	valid	naive_last_conductance	tail_mae	1157.504714
30	valid	naive_last_conductance	tail_rmse	1738.38578
30	valid	naive_last_conductance	tail_r2	0.319503898
30	test	torch_tail	observed_count	178740
30	test	torch_tail	mae	163.5869162
30	test	torch_tail	rmse	359.8409061
30	test	torch_tail	r2	0.711514134
30	test	torch_tail	auc	0.977488541
30	test	torch_tail	f1	0.490535549
30	test	torch_tail	precision	0.350197759
30	test	torch_tail	recall	0.818567026
30	test	torch_tail	interval_coverage	0.770493454
30	test	torch_tail	interval_width	778.9655835
30	test	torch_tail	pinball_q0.1	31.38183635
30	test	torch_tail	pinball_q0.5	81.79345808
30	test	torch_tail	pinball_q0.9	45.5477152
30	test	torch_tail	pinball_q0.95	30.49756908
30	test	torch_tail	pinball_q0.99	11.83133998
30	test	torch_tail	tail_count	2596
30	test	torch_tail	tail_mae	1338.723658
30	test	torch_tail	tail_rmse	1895.88084
30	test	torch_tail	tail_r2	-0.245253693
30	test	naive_last_conductance	observed_count	170197
30	test	naive_last_conductance	mae	110.8936908
30	test	naive_last_conductance	rmse	304.5539733
30	test	naive_last_conductance	r2	0.77321944
30	test	naive_last_conductance	auc	0.988724965
30	test	naive_last_conductance	f1	0.665476456
30	test	naive_last_conductance	precision	0.676804358
30	test	naive_last_conductance	recall	0.65452151
30	test	naive_last_conductance	interval_coverage	nan
30	test	naive_last_conductance	interval_width	nan
30	test	naive_last_conductance	pinball_q0.1	nan
30	test	naive_last_conductance	pinball_q0.5	nan
30	test	naive_last_conductance	pinball_q0.9	nan
30	test	naive_last_conductance	pinball_q0.95	nan
30	test	naive_last_conductance	pinball_q0.99	nan
30	test	naive_last_conductance	tail_count	2278
30	test	naive_last_conductance	tail_mae	1234.477905
30	test	naive_last_conductance	tail_rmse	1709.01664
30	test	naive_last_conductance	tail_r2	-0.216212173
